sent_bytes,nfast_retrans,ntimeouts,cwin,sample_rtt,cur_send_queue,rwin,sum_rtt,max_send_queue
[77824],[0],[0],[10],[6],[0],[512],[0.0018360000000000002],[0]
"[77824, 83968]","[0, 0]","[0, 0]","[10, 10]","[6, 6]","[0, 0]","[512, 512]","[0.0018360000000000002, 0.0017519999999999999]","[0, 0]"
"[77824, 83968, 90112]","[0, 0, 0]","[0, 0, 0]","[10, 10, 10]","[6, 6, 6]","[0, 0, 0]","[512, 512, 512]","[0.0018360000000000002, 0.0017519999999999999, 0.001726]","[0, 0, 0]"
"[77824, 83968, 90112, 96256]","[0, 0, 0, 0]","[0, 0, 0, 1]","[10, 10, 10, 10]","[6, 6, 6, 6]","[0, 0, 0, 0]","[512, 512, 512, 512]","[0.0018360000000000002, 0.0017519999999999999, 0.001726, 0.001599]","[0, 0, 0, 0]"
"[77824, 83968, 90112, 96256, 102400]","[0, 0, 0, 0, 0]","[0, 0, 0, 1, 1]","[10, 10, 10, 10, 10]","[6, 6, 6, 6, 6]","[0, 0, 0, 0, 0]","[512, 512, 512, 512, 512]","[0.0018360000000000002, 0.0017519999999999999, 0.001726, 0.001599, 0.001842]","[0, 0, 0, 0, 0]"
